{"bad_form_0_2024-11-24_14-48-35.png": "Your right arm went too high and extended your forearms!\nYour left arm went too high and extended your forearms!\n", "bad_form_1_2024-11-24_14-48-35.png": "Your left elbow went too low!\n", "bad_form_2_2024-11-24_14-48-35.png": "Your right arm went too high and extended your forearms!\nYour left arm went too high and extended your forearms!\n", "bad_form_3_2024-11-24_14-48-35.png": "Your right arm went too high and extended your forearms!\n", "bad_form_4_2024-11-24_14-48-35.png": "Your left arm went too high and extended your forearms!\n"}